"user.self","sys.self","elapsed","user.child","sys.child"
0.0779999999999745,0.0069999999999979,0.0900000000001455,0,0
