"user.self","sys.self","elapsed","user.child","sys.child"
0.129000000000019,0.00200000000000244,0.15099999999984,0,0
