"user.self","sys.self","elapsed","user.child","sys.child"
0.134999999999991,0.0110000000000028,0.154000000000451,0,0
