"","Estimate","Std.Error","Pr(>|z|)"
"(Intercept)",-101.197092516887,44.9352386561205,0.0296029399994163
"X1",0.394661597665404,0.0449298788281254,1.26359704140557e-16
"X2",0.276059665423106,0.0492413420438138,5.59186798507031e-08
"X4",0.352487217828606,0.0390663814071734,4.55924852940655e-17
