"","Estimate","Std.Error","Pr(>|z|)"
"(Intercept)",-104.449817512776,44.9031409109335,0.0211716526196536
"X1",0.387450244810154,0.0456025090159056,2.99851108085988e-16
"X2",0.287129979924508,0.0502317043520896,2.78469393950132e-08
"X4",0.339105258194301,0.0392560191990349,1.06339216168769e-16
