"","Estimate","Std.Error","Pr(>|z|)"
"(Intercept)",-100.474734425495,44.9843850099774,0.0292732625677203
"X1",0.3988513267476,0.0458190172614323,1.56915827437057e-15
"X2",0.278880228540856,0.0504505308352428,1.3447257248473e-07
"X4",0.33576394747205,0.0392768863832685,9.13440792447769e-16
