"","estimate","std.error","statistic","df","p.value"
"(Intercept)",-21.000073452844,4.81307048429102,-4.36313441105515,105.704283367049,2.1745290891495e-05
"cylinders",-0.19632801119427,0.381068586017317,-0.515203872473885,130.174163690975,0.607053806927594
"displacement",0.00463213590414889,0.0085188159072573,0.543753492806753,45.9202422128811,0.587295779073302
"horsepower",0.00994526164051147,0.00760114571588563,1.30838981546254,176.887845992682,0.192438650281485
"weight",-0.00661771011903014,0.000788995066150472,-8.38751774623652,21.1175424147433,1.50990331349021e-14
"acceleration",-0.031120971369992,0.0913030040169179,-0.340853750707101,92.9277649496648,0.733618183006617
"model_year",0.846038696512592,0.0616925567563643,13.7137888425302,44.3474265316809,0
