"term","estimate","std.error","statistic","p.value"
"(Intercept)",-74.0626122071158,50.4982530735176,-1.46663711513529,0.143289005970051
"X1",0.402093758545478,0.0499462819059623,8.05052434738847,1.03164428453554e-14
"X2",0.254485988752432,0.0549426233816372,4.63184997528687,4.96141147138329e-06
"X4",0.371027604294842,0.0435732848655656,8.51502486993015,3.75757729506301e-16
