"term","estimate","std.error","statistic","p.value"
"(Intercept)",-70.1118238052624,57.6703820150987,-1.2157336462052,0.225029632910413
"X1",0.428845149366743,0.0590614568510419,7.2609984959959,3.23671945662905e-12
"X2",0.263071334964949,0.0654642173892601,4.01855159133252,7.38834925286097e-05
"X4",0.302379939863671,0.0492396094510416,6.14098980952161,2.56117894290604e-09
