"term","estimate","std.error","statistic","p.value"
"(Intercept)",-105.635233857708,46.8182320743324,-2.25628412644872,0.0245267423940991
"X1",0.384205857872651,0.0471921733953079,8.14130458994395,3.78449682503942e-15
"X2",0.283923735041091,0.0520815094548203,5.45152661689633,8.20355833265552e-08
"X4",0.355191052288149,0.0406772459808199,8.73193461660675,4.80215336092924e-17
