"","estimate","std.error","statistic","df","p.value"
"(Intercept)",-102.695924677946,45.7846193230796,-2.24302235546116,443.376106508254,0.0253522718638046
"X1",0.377451174098796,0.0512443525641691,7.36571261440262,67.2034561416204,7.7715611723761e-13
"X2",0.287595020671375,0.059919087713184,4.79972295386091,36.8798534746676,2.12723168080409e-06
"X4",0.361057063111863,0.0393427045045724,9.17723038257072,478.513026627232,0
