"","estimate","std.error","statistic","df","p.value"
"(Intercept)",-104.541618998143,45.0338067485698,-2.32140310904237,474.965154379434,0.0206873846848057
"X1",0.381310860427872,0.0463813944182615,8.22120303217406,411.613300078692,1.77635683940025e-15
"X2",0.288331213701045,0.0508467184170134,5.67059630744171,435.315727446135,2.47433729061441e-08
"X4",0.345733975207772,0.0394608489304912,8.76144291312053,463.360261652007,0
