"","estimate","std.error","statistic","df","p.value"
"(Intercept)",-97.7906346873308,48.2707174678159,-2.02587903841562,116.13269812524,0.0440377168177033
"X1",0.427218075692672,0.0520078637343298,8.21448998318825,54.5070869786413,2.1316282072803e-14
"X2",0.250671416547009,0.052815914090392,4.74613420716332,210.737963846839,3.82408579779892e-06
"X4",0.329408831887948,0.0451470960160587,7.29634596587958,50.9005121166495,5.92059734572103e-12
