"Variable","Column Mean"
"Y",236.519461684273
"X1",307.798671603176
"X2",521.724594284034
"X4",211.8128710989
"X6",884.213181945679
"X7",622.820436234344
"X8",629.942135978463
"X9",-10.8093334135587
"X10",128.99770465137
