"Variable","Column Mean"
"Y",234.50650181609
"X1",288.905704991165
"X2",523.763329919523
"X4",214.477124970932
"X6",889.838738182293
"X7",617.028382251934
"X8",638.041062238978
"X9",-16.48491722539
"X10",144.265595131266
