"Variable","Column Mean"
"Y",233.740634360276
"X1",305.878370926525
"X2",532.241508357122
"X4",204.496989320301
"X6",891.014710265862
"X7",653.428239433686
"X8",642.204688691749
"X9",1.81018969749923
"X10",137.633994762951
